keywords,pv,uv
数学,475,97
开学考,685,95
物理,534,95
一模,633,92
期末,694,79
化学,311,76
英语,345,71
高考,194,62
中考,248,54
语文,194,53
生物,195,44
长郡中学,155,43
八省联考,131,42
导数,128,42
月考,253,41
江南十校,212,41
济南一模,145,39
高 考 2025高考真题,195,39
免费,99,38
合肥一模,143,37
T8联考,111,36
历史,147,34
免费试卷,92,33
地理,155,31
巴蜀中学,106,31
深圳中学,115,31
镇海中学,120,31
二模,172,30
圆锥曲线,75,29
成都七中,80,29
炎德英才大联考,105,29
哈三中,106,28
日语,106,28
听力,129,27
潍坊一模,89,27
炎德英才,71,27
武汉二调,78,26
作文,73,25
数列,85,25
雅礼中学,89,25
南通,57,24
开学考试,146,24
T8,65,23
九师联盟,94,23
合肥一中,92,23
自主招生,173,23
长郡,76,23
三角函数,83,22
立体几何,40,22
2026 0 1 一 卷浙江首考,69,21
学易金卷,107,21
济南 一模 2026,47,21
联考,60,21
天一大联考,72,20
试卷,125,20
重庆一中,62,19
雅礼,76,19
山东省实验中学,70,18
济南,106,18
深圳一模,62,18
语法填空,53,18
北京,106,17
政治,66,17
期中,279,17
淮北市2026届高三第一次质量检测,41,17
潍坊,71,17
潍坊一模 2026,45,17
百师联盟,69,17
苏州,50,17
英语听力,35,17
高三,231,17
2025,48,16
2026年合肥市高三第一次教学质量检测,51,16
上海,55,16
思维导图,71,16
济南2026一模,48,16
长沙市2026年高三年级模拟考试,37,16
高考真题,54,16
2026,188,15
上好课,61,15
专题,46,15
圆梦杯,34,15
山东,53,15
巴蜀,49,15
平面向量,33,15
开学,105,15
浙江 026届 高三,39,15
绵阳二诊,46,15
衡水金卷,60,15
重庆八中,62,15
2025 0 1全国1数学真题,49,14
3月,63,14
佛山一模,34,14
南开中学,45,14
南通 026高三一模,40,14
南通一模,42,14
历城二中,51,14
合肥 1一模,41,14
合肥 1中,46,14
合肥 一模 2026,53,14
圆锥曲线大题,31,14
山东期末,53,14
武汉,40,14
江苏,78,14
浙江,53,14
潍坊 2025 2026 期末考试,62,14
立体几何大题,39,14
苏北四市,31,14
衡水中学,52,14
西南大学附属中学,45,14
辽宁,76,14
阅读理解,68,14
青岛,58,14
高考数学,36,14
2024,39,13
A10联盟,39,13
一模 2025,128,13
人大附中,50,13
南京,33,13
合肥,37,13
哈尔滨,30,13
圆,23,13
天一,43,13
山东名校考试联盟,36,13
常州,51,13
数 学,42,13
杭州二中,28,13
济南市2026届高三第一次模拟考试,42,13
浙江1月,29,13
竞赛,59,13
衡水 金卷 02026 先 享 卷,41,13
课件,58,13
长沙,52,13
T 8 12月联考,35,12
一模2026,51,12
一模卷,112,12
俄语,46,12
华南师范大学附属中学,34,12
单招,82,12
南京市 盐城市 2025 2026学年度第一学期期末调研测试,43,12
南京师范大学附属中学,33,12
南京盐城一模,30,12
南开,68,12
完形填空,45,12
师大附中,32,12
广州一模,30,12
数列大题,23,12
文言文,34,12
期 末,77,12
浙江首考,38,12
湖南师大附中,41,12
湖南师范大学附属中学,51,12
潍坊 023 2024高三上学期 一模,26,12
炎徳英才大联考2026届高三,47,12
福建,76,12
答题卡,27,12
辽宁省名校联盟,53,12
郑州一模,24,12
郑州外国语学校,61,12
金考卷,31,12
长沙一模,34,12
零模,94,12
青桐鸣大联考,34,12
高三英语,35,12
2025 0 1 1卷 数学,20,11
一中,32,11
东北育才,36,11
二次根式,23,11
云学联盟,59,11
作文素材,32,11
函数,29,11
华中师范大学第一附属中学,36,11
南通 一 模 2026,24,11
南通市2026届高三学业质量监测,23,11
合肥 1 模,27,11
名校联盟辽宁,24,11
哈尔滨第三中学,43,11
大湾区,56,11
天一中学,46,11
学军中学,27,11
成都 1 诊,21,11
期初,74,11
泉州二检,31,11
泉州市 2026 届高中毕业班质量监测 二,26,11
泰安一模,29,11
济南 1摸,37,11
湖北,97,11
湖南,75,11
盐城市 南京市 2025 2026学年度第一学期期末调研测试,29,11
第一次月考,55,11
解三角形,29,11
重庆巴蜀中学,47,11
青桐鸣,23,11
高二,38,11
高二下学期开学考,33,11
2026届广州市高三年级调研测试,25,10
www zxxk com,30,10
云学联盟2月,24,10
五校联考,39,10
华附 省实 广雅 深中 2026 届高三四校联考,19,10
单词,22,10
大连,41,10
天津,21,10
广东,57,10
广东一模,17,10
广东中考,27,10
开学测,66,10
开学考试卷,36,10
成都 1 诊2026届高三一诊,13,10
成都 七中,20,10
无锡,54,10
期末试卷,87,10
板块模型,21,10
武汉 0 2月调 高三,17,10
武汉九调,35,10
沈阳,26,10
河北,51,10
浙江 026届 高三首考,23,10
浙江 1 2026高考,32,10
浙江 首考1月2026,24,10
物理中考,27,10
电磁感应,25,10
英语 听力2025 含听力材料及录音,52,10
衡水二中,23,10
重庆,33,10
金太阳,29,10
金太阳联考,23,10
阜阳市2025 2026学年度高三教学质量监测试卷,30,10
青岛一模,33,10
高二上学期期末,129,10
黄山市2026届高中毕业班第一次质量检测,30,10
2025江南十校高三联考,26,9
2026年普通高中学业水平选择性考试模拟试题,24,9
一战成名,10,9
东北师大附中,44,9
云南师范大学附属中学,34,9
免费下载,12,9
八中,37,9
北京高考,18,9
华师一附中,18,9
华师一附中圆锥曲线专题,25,9
向量,25,9
大庆实验中学,54,9
大连二十四中,23,9
天津一中,20,9
天津高考,19,9
好题汇编,34,9
导数大题,18,9
山东济南一模,25,9
平行四边形,23,9
广州,48,9
成都二诊,17,9
文言文阅读,26,9
无锡 026高三期末,34,9
极值点偏移,15,9
武汉 0 9月调,22,9
浙江 1月 首考2026高考,12,9
清华附中,26,9
温州,43,9
湖北省,32,9
百强校,19,9
英语阅读理解,30,9
语文作文素材,16,9
语法填空 100篇专项训练,15,9
贵阳一中,30,9
辽宁名校联盟,45,9
遵义市2026届高三年级第二次适应性考试,17,9
青岛2025 2026上学期期末,39,9
青岛二中,26,9
马鞍山一模,28,9
高一,36,9
高一数学,30,9
高三年级12月检测训练,20,9
高二上期末数学,35,9
黑龙江,27,9
2026届大湾区普通高中毕业年级联合模拟考试 一,22,8
2026届高三年级上学期期末质量检测,26,8
一次函数,41,8
中考 1600词汇背诵,22,8
中考数学,31,8
中考试卷,49,8
九省联考,23,8
二次函数,22,8
人教版,43,8
免费专区,11,8
华师1附中,17,8
合格考,44,8
名校联盟,35,8
大湾区一模,20,8
完型填空,35,8
导数专题,22,8
小升初,19,8
山东一模,31,8
山西大学附属中学,24,8
广东省一模,15,8
成都,27,8
成都七中2026届高三上期期末考试,27,8
数学中考,19,8
文言文 02026一轮复习,15,8
武汉9调,25,8
武汉九调数学,21,8
河南省实验中学,21,8
济南一模化学,11,8
济南市 2026 届高三第一次模拟考试,20,8
济宁一模,52,8
浙江 2026 1 月 英语高考试卷,23,8
浙江强基联盟,24,8
海南中学,70,8
潍坊2026一模,24,8
知识点,31,8
神州智达,17,8
经典常谈,19,8
英语试卷,29,8
菏泽,39,8
语文作文,19,8
课本电子版,23,8
贵阳市2025年高三年级适应性考试 一,38,8
赣州市2025 2026学年度第一学期期末考试,24,8
辽南协作体,20,8
辽宁省实验中学,27,8
郑州市 2026年高中毕业第一次质量检测,20,8
酸碱盐,25,8
重庆南开中学,36,8
长沙一中,21,8
长沙市一中,29,8
阅渎理解20篇,38,8
阿氏圆,9,8
集合,18,8
高三化学,23,8
高二期末,46,8
高二英语,27,8
2022 0 1全国1 数学高考,17,7
2025 0 1全国1一卷英语卷高考,21,7
2025年普通高等学校招生全国统一考试,19,7
2025生物高考真题,15,7
2026八省联考,15,7
2026年 高考第一次模拟考试,13,7
3月月考,59,7
三角函数专题,25,7
东北三省三校,13,7
东北师范大学附属中学,23,7
东莞,22,7
中考2025,21,7
临沂期末,15,7
八省联考数学,11,7
凯里一中黄金二卷,22,7
化学期末,31,7
北京中考,11,7
十堰市2026年高三元月调研考试,24,7
华附 省实 广雅 深中,16,7
南京 026高三一模,14,7
厦门,19,7
厦门一中,20,7
合肥八中,24,7
哈尔滨德强,19,7
哈师大附中,31,7
四川,14,7
四校联考,22,7
因式分解,23,7
圆创,22,7
基因工程,10,7
外国语,32,7
大湾区联考,32,7
天利38套,23,7
安徽,30,7
实验,14,7
宣城市2025 2026学年度第一学期期末调研测试,21,7
宿州市2026届高三教学质量检测,21,7
徐州,29,7
德州 1月 高三期末,12,7
德强,33,7
必刷题,15,7
数学一模,22,7
月考卷,27,7
朝阳,37,7
杭州,10,7
杭州一模,20,7
概率大题,19,7
毕节市2026届高三年级第一次适应性考试,17,7
汕头市 2025 2026学年度普通高中毕业班教学质量监测,14,7
江西,29,7
泉州五中,20,7
浙江中考,18,7
深一模,20,7
深圳 025 年高三 一模,17,7
深圳中学2026 高三复习检测四,14,7
潮阳实验学校,25,7
石家庄二中,25,7
福建省高三资优生第一次联合阶段检测英语试题,9,7
红楼梦,21,7
组卷网,13,7
绵羊二诊2026届,15,7
胡不归,11,7
苏州 0 模 2026 高三,7,7
苏州2026 高三期末,35,7
英语3500词,14,7
英语作文,25,7
英语完形填空,14,7
茂名一模,17,7
蚌埠一模,16,7
衡水 金卷 02026 先 享 卷调研卷,18,7
解三角形大题,14,7
解析几何,21,7
解析几何大题,14,7
语 文,30,7
语法,15,7
赢在微点,26,7
辽宁期末,19,7
通州,28,7
重庆中考,18,7
镇江,15,7
阜阳一模,31,7
高一上学期期末,24,7
高一下学期,24,7
高一期末,32,7
高三数学,15,7
高三物理,16,7
高三生物,20,7
高中语文作文素材,10,7
高二上物理期末,15,7
高二下 3月 数学月考,14,7
高考英语,18,7
黄山一模,27,7
龙东十校联盟,20,7
,7,6
2023 0 1 1卷 数学高考 真题,12,6
2024 2025,23,6
2025 2026,28,6
2025-2026,33,6
2025全国二卷,21,6
2025高考,14,6
2026合肥一模,20,6
2026届大湾区普通高中毕业年级联合模拟考试,10,6
2026届高三10月大联考新课标卷,31,6
2026届高三年级1月联考,12,6
A10,11,6
T8 联考,17,6
Z20,16,6
ppt,16,6
www zxxk com参考答案,15,6
七年级,17,6
上海交通大学附属中学,24,6
中考一模,30,6
中考模拟卷,29,6
中考真题,19,6
临沂一模,11,6
乌鲁木齐地区2026年高三年级第一次质量检测,11,6
九年级下学期期末,31,6
云南,34,6
会考,30,6
佛山市普通高中教学质量检测,9,6
作文素材积累,16,6
八下物理,17,6
八省联考 12月2026届,12,6
几何,16,6
凯里一中黄金卷,33,6
动能定理,8,6
勾股定理,15,6
化学试卷,19,6
南京苏州九校化学,14,6
南昌二中,10,6
厦门双十中学,13,6
合肥 1 月份教学质量,19,6
名校协作体,32,6
周测,19,6
哈九中,23,6
哈尔滨师范大学附属中学,14,6
四川省广安市前锋区,14,6
四省联考,13,6
圆锥曲线 023专题 大题,6,6
地理中考,20,6
基本不等式,11,6
大连24中,15,6
天一大联考湖南2026届高三,13,6
如皋,22,6
孝感市2026届高三年级第一次统一考试,15,6
学 易金卷,22,6
宁波,20,6
完型填空 100篇 专项训练英语,21,6
导数 023专题,17,6
山东一模2026,31,6
山西,25,6
常州市2025 2026学年第一学期高三期末质量调研,14,6
广州 0 模,15,6
成都一诊,9,6
成都市2023级高中毕业班第一次诊断性检测,12,6
扬州,17,6
扬州一模,26,6
教材,10,6
新高考一卷,15,6
日语 高考 2025真题,18,6
昆明市第一中学,16,6
期初考试,39,6
期末卷,13,6
期末考试,49,6
机械振动,15,6
柳州市2026届高三第二次模拟考试,21,6
概率,22,6
模拟,36,6
模拟卷,19,6
武汉二调2025数学,9,6
汕头一模,28,6
江南十校高三,20,6
江苏期末,24,6
河南,30,6
河南期末,10,6
河西,32,6
泉州,16,6
泉州2026届高中毕业班质量监测二,15,6
浙江 2026 1 月 高考,12,6
浙江阶段检测,16,6
浮力,17,6
海淀,18,6
淄博,23,6
淄博一模,16,6
深圳中学复习检测四,9,6
温州一模,16,6
湖北云学联盟,17,6
湖北云学联盟高三2月联考,33,6
溶液,14,6
漳州,13,6
漳州市2025届高三毕业班第二次教学质量检测,19,6
潍坊 023 2026高三 一模,15,6
烟台2026期末考试,17,6
物理 01 新中考 卷 新题 型 结构 学易金卷 2024 年 中考 考前 押题 密卷 2025 零一 二零二四 二零二五,13,6
物理八年级,16,6
理综合卷,24,6
皖南八校,18,6
福州二检,28,6
竞赛题,23,6
第一单元,40,6
答案,11,6
芜湖一模,12,6
苏州一模,27,6
英 语,52,6
英语作文模板,12,6
荆州市2026届高三元月质量检测,15,6
菏泽一模,39,6
菏泽市2026年高二期末试卷,16,6
襄阳四中,20,6
西南名校联盟,12,6
西南名校联盟2026届 3 3 3 高考备考诊断性联考,16,6
语文答题模板,21,6
语文试卷,21,6
语文高考真题,17,6
课本,23,6
过程性学科素质评价,17,6
遗传大题专练,23,6
郑州 2026高三第一次质量预测,12,6
郑州外国语,14,6
重庆市第一中学,24,6
金华十校,29,6
金版教程,16,6
镇江 026高三零模,11,6
长沙 1模,12,6
长沙2026 高三模拟,16,6
长沙一模2026,12,6
长沙市第一中学,9,6
阅读,16,6
骆驼祥子,13,6
高一下开学考,40,6
高三一模,37,6
高三一模2026,18,6
高三语文,26,6
高二上学期期末考试,40,6
高二上期末物理,15,6
高二下开学考,33,6
高考模拟卷,19,6
黑龙江省教育学会示范性高中专业委员会高三年级第一次模拟考试,34,6
2020 0 1全国1 数学高考试卷,12,5
2023年普通高等学校招生全国统一考试,10,5
2024 0 1 1卷 数学 真题,11,5
2024 0 全国高考数学甲卷,7,5
2024-2025,19,5
2024年1月福建省普通高中学业水平合格,13,5
2025 0 1 二卷 数学 真题,9,5
2025 2026 01 高一上期末数学试卷,18,5
2025 年0 1卷 全国1卷,14,5
2025山东化学高考真题,11,5
2025深圳一模,17,5
2025高考数学真题,11,5
2026 合肥市高三第一次教学质量检测,16,5
2026 届 11 月 大联考 卷 新课标卷,24,5
2026 届高三12月大联考卷 新课标卷,28,5
2026届云南省名校联盟高三第四次联考模拟预测英语试题,8,5
2026年1 月6号浙江高考首考,17,5
2026年1 月6号浙江高考首考英语,7,5
2026年滁州市高三年级第一次教学质量监测,10,5
2026济南一模,24,5
2026潍坊一模,29,5
25年 1卷 高考 数学,18,5
T8联考数学,13,5
一元二次方程,13,5
一战成名2026初中英语,17,5
一战成名新中考,18,5
一模 2026,24,5
一模分类汇编,15,5
一次函数压轴题,9,5
七选五,18,5
万唯,7,5
三角 函数025一轮专题,8,5
上海中学,13,5
专项练习,11,5
东北三省三校2025年高三第一次联合模拟考试,11,5
中华中学,16,5
中考一模2026,22,5
中考卷2025年真题,11,5
中考模拟,39,5
中考物理,11,5
临沂 2026 高三上学期 期末,15,5
临沂一模2025,11,5
九上数学期末试卷,27,5
二次函数压轴题,6,5
云学校联盟2月,13,5
佛山,14,5
入学考,16,5
八下数学,35,5
八省联考 2025,14,5
六中,32,5
六校联考,15,5
兵团二中,14,5
力的合成与分解,6,5
化学工艺流程,7,5
化学有机,13,5
北京市西城区2025 2026学年度第一学期期末试卷,18,5
北师大,11,5
华师1附中圆锥曲线专题,16,5
华师一附中圆锥曲线,12,5
协作校,35,5
单元测试卷,13,5
南宁市2026届普通高中毕业班第一次适应性测试,13,5
南师附中,18,5
南开中学重庆,10,5
卷子,11,5
历史01一轮复习知识点归纳,9,5
压强,10,5
厦门外国语学校,20,5
反演变换,12,5
受力分析,15,5
口算,18,5
古诗,7,5
古诗文默写,23,5
合肥一模2026,23,5
合肥市2026高三第一次教学质量检测,11,5
同步解析与测评,8,5
名校协作体 高二下学期,28,5
名校联盟3月份,17,5
向量 025一轮专题,14,5
和平,26,5
和平区,10,5
哈 三 中 2 0 2 5 2 0 2 6 学 年 度 三 学 年 期 中 考 试,11,5
哈3中,8,5
哈尔滨市第三中学,13,5
四边形,19,5
因式分解 100道,15,5
圆周运动,13,5
圆梦杯十,9,5
复数,12,5
天 一大联考,14,5
天津市第一中学,23,5
天津市部分区,16,5
威海期末高三,9,5
学军,13,5
宜宾,17,5
寒假作业,83,5
将军饮马,8,5
山东 10名校联盟,13,5
山东中考模考,14,5
山东滨州2025期末考试,18,5
山东高三上学期高考模考,9,5
常州 026高三一模,9,5
广东省实验中学,22,5
广东高考,7,5
广州零模,13,5
康德一诊,18,5
开学考 2024 2025 下学期,19,5
开学考九下,34,5
德州,20,5
必修二,15,5
惠州市2 0 2 6届 第二次调研考试,12,5
惠州市第一中学,21,5
成都7中,12,5
成都七中高三,7,5
成都中考,12,5
执信中学,13,5
扬州 026高三一模,19,5
排列组合,19,5
数学书电子教材,7,5
数学期末,19,5
数学竞赛,17,5
数学高考真题,17,5
新课程能力培养,41,5
日照1月 2026高三期末,12,5
日照一模,21,5
曲靖市第一中学,11,5
最值问题,31,5
枣庄一模,7,5
柳州二模,15,5
武汉 九调,21,5
武汉九调 数学 高三,6,5
武汉四调,13,5
武汉调研,11,5
永州市2026年高考第二次模拟考试,8,5
江南 十校 12月份 联考,9,5
江南十校 3月 考试,22,5
江南十校联考,27,5
江苏省,12,5
沈阳 1模,8,5
泰安2026高三一模,13,5
济南 1期末,9,5
济南 一模 2026 高三,7,5
济南一模物理,7,5
济宁,24,5
浙江 一月 2026首考,6,5
浙江强基联盟2025年12月高三联考,6,5
浙江省 026届 1月真题,14,5
浙江高考,6,5
淮南一模,19,5
淮安中考,10,5
深圳高级中学,20,5
温州1 5模,5,5
温州市,19,5
湖北 高三,8,5
湖北黄冈,16,5
湖南 026届 高三九校,12,5
湖南师大附中2026届高三月考试卷,25,5
湛江一模,19,5
滨海新区,16,5
漳州二检,11,5
潍坊 高三 一模,7,5
潍坊市高考模拟考试,18,5
物理中考2025真题,8,5
物理期末,26,5
物理电学实验专题,14,5
物理试卷,24,5
物质的量,15,5
理综,17,5
生地会考真题,29,5
生物 遗传大题专练,19,5
生物选择性必修二复习试卷,17,5
电学,14,5
神州智达20025一2026高三河北期末,8,5
福州,28,5
福州一中,16,5
福州八中,15,5
福建中考,14,5
福建期末,20,5
立体几何 大题,13,5
红桥,28,5
绵阳 1 诊,19,5
绵阳东辰,8,5
耀华中学,23,5
聊城026高三期末,16,5
聊城一模,24,5
芜湖市一模,14,5
苏北四市一模,12,5
苏州中学,8,5
英語,16,5
英语作文 100篇范文高考,6,5
英语完型填空2025专项练习,15,5
英语读后续写,11,5
英语阅读 100篇专项训练,24,5
英语高考,9,5
菏泽2026高三期末,17,5
葫芦岛市普通高中2025 2026学年上学期期末考试,10,5
衡水,13,5
衡水中学高三,11,5
衡水金卷02025先享卷,19,5
西城,36,5
西附,17,5
计算题,12,5
读后续写,15,5
辽宁10名校联盟,11,5
辽宁一模,18,5
辽宁中考,13,5
遗传,18,5
部分区,9,5
重庆一诊,9,5
重庆南开,14,5
重庆市第八中学,32,5
金版教程2026版,19,5
金考卷 2025版,29,5
银川一中,16,5
长沙 10月 长郡 2025 2026月考卷,10,5
长郡中学高三,6,5
阅读理解 100篇专项训练,9,5
陈情表,6,5
雅礼2026届高三月考试卷答案,12,5
雅礼中学2026届高三月考试卷 五,12,5
青岛五十八中,21,5
首考1月2026浙江,12,5
高一下3月月考,15,5
高一下学期开学考,10,5
高一数学期末,21,5
高一英语,27,5
高三下学期高考模考,14,5
高三期末考试,21,5
高中物理公式,9,5
高二3月份开学联考试卷,19,5
高二上 期末,8,5
高二上学期数学期末,20,5
高二上期末,33,5
高二下开学考试,25,5
高二下期中,15,5
高二数学,14,5
高二数学期末,26,5
高考化学,10,5
高考题,12,5
黄金卷,16,5
黑龙江省一模卷,14,5
100所名校高考模拟金典卷,15,4
2003 高考数学试卷,5,4
2024九省联考语文,7,4
2025 0 1 1卷 数学 真题,7,4
2025 2026学年佛山市普通高中教学质量检测 一,8,4
2025中考,16,4
2025全国二卷语文,7,4
2025北京卷,11,4
2025北京高考,13,4
2025学年第一学期期末学业水平测试,6,4
2025山东中考,13,4
2025山东高考化学,9,4
2025年普通高中学业水平选择性考试,9,4
2025新高考一卷,7,4
2025新高考一卷数学,5,4
2025武汉二调,17,4
2025烟台中考数学,7,4
2025邯郸市一模,12,4
2026 0 1 一 卷浙江首考 英语真题原卷,5,4
2026 0 1 一 卷浙江高考 英语真题,12,4
2026上海初三一模英语,6,4
2026届云南三校高考备考实用性联考卷 五,10,4
2026届河北省七校高三上学期一模英语,11,4
2026届高三年级上学期期末质量检测生物学,4,4
2026届高三第一学期质量检测,9,4
2026高考第一次模拟考试,6,4
3月月考试卷,27,4
A10联盟2025届高三下学期开年考,22,4
Z20名校联盟,17,4
t6联考,9,4
t8联考,16,4
一中教育集团,14,4
一元一次方程,6,4
一元一次方程应用题,14,4
一诊,11,4
一轮复习,16,4
七中,15,4
七年级下学期期中,9,4
七校联盟,14,4
三年级下学期阶段检测,13,4
三新联考,14,4
三明市,11,4
三明市2025 2026学年期末考,8,4
三省三校 黑龙江哈师大附中 东北师大附中 辽宁实验中学 2025 2026数学,8,4
三角函数大题,15,4
三角恒等变换,12,4
上进联考,6,4
不等式,10,4
东丽,37,4
东北三省一模,17,4
东城区2025 2026学年度第一学期期末统一检测,25,4
东营,15,4
中国人民大学附属中学,49,4
中考 数学,13,4
中考123,5,4
中考卷,11,4
中考压轴题,9,4
中考数学试卷,24,4
丰台期末,10,4
丰城中学,13,4
乌鲁木齐市第一中学,9,4
九中,11,4
九年级,50,4
九年级开学考,17,4
九省联考2026,7,4
九省联考数学,6,4
二元一次方程组,8,4
二模卷,9,4
二次函数专题,8,4
二次根式 100道计算,11,4
云南师大附中,13,4
云师大附中,8,4
优秀作文,7,4
传送带模型 板块模型,8,4
佛山市一模,8,4
作业,9,4
信息技术,12,4
入学测试卷,15,4
全国100所名校高考模拟示范卷,8,4
全国一卷,7,4
八025届 八省联考,5,4
八上期末,17,4
八下数学 2026数学教材,9,4
八中 重庆,6,4
八年级下学期期末,12,4
八年级下学期阶段检测,16,4
八省联考物理,9,4
八省联考语文,5,4
内蒙古,19,4
凸透镜成像,11,4
分离定律,9,4
初中数学公式大全,7,4
力,14,4
动量守恒定律,10,4
动量定理,9,4
勾股定理单元测试,12,4
化学式与化合价,17,4
化学式与化合价压轴题综合题型,17,4
北京十二中,10,4
北京期末,12,4
北师大版,8,4
十二中,5,4
华大新高考联盟,9,4
华师一附中圆锥曲线专题87题,6,4
单元卷,21,4
南京 一模2026届高三,12,4
南京 盐城 2025 2026学年度高三第一学期调研测试,14,4
南京期末,24,4
南京盐城,18,4
南宁,10,4
南山区四年级期末数学,5,4
南师附中高三,12,4
南平一检,12,4
南平市2025 2026学年第一学期高一年级期末质量检测,10,4
南通 泰州 镇江 盐城2026届高三一模,8,4
历城二中2025 2026学年语文综合测试卷2,5,4
压轴题,53,4
反比例函数,10,4
口算题,19,4
合格考真题,13,4
合肥 1 月份教学质量高三,10,4
合肥168中学,8,4
合肥市普通高中六校联盟2025 2026学年高三第一次教学质量监测,11,4
听力专项,19,4
听力材料,6,4
启东中学,11,4
哈 三 中,10,4
哈三,11,4
哈三中2025 2026,11,4
哈尔滨一模,10,4
哈尔滨市第九中学,13,4
商师联盟,19,4
嘉兴市2025 2026学年第一学期期末测试,15,4
四川外国语大学附属外国语学校,12,4
四边形压轴题,26,4
圆创联盟,13,4
圆梦杯2026,6,4
地理 01 一轮复习,6,4
地理会考2025试卷,15,4
地生会考,12,4
培优,11,4
大庆实验,9,4
大连八中,12,4
大连市第二十四中学,22,4
大连育明高级中学2025 2026学年 上 期末考试,8,4
天 一大联考12月,8,4
天1大联考,13,4
天河区,15,4
天津2024年高考真题,8,4
天津市新华中学,15,4
天舟高考,18,4
字音字形,18,4
宁夏2 025中考真题试卷,17,4
宁波九校,14,4
宁波市2024 2025学年第一学期期末九校联考,6,4
安徽中考模考,10,4
安徽鼎尖名校联考2025 2026学年高三上学期2月期末试题,10,4
宜宾一诊,8,4
宝安中学,8,4
宿州一模,29,4
导数 023专题一轮复习,11,4
导数 2025 常考大题归纳综合一轮复习,6,4
小升初数学,9,4
山东泰安一模,12,4
山东潍坊一模,11,4
山东省,10,4
山东省实验,7,4
山东省德州市六校联考2025 2026学年高三上学期1月期末英语试题,4,4
山东菏泽2026高三上学期期末学情检测,18,4
山东阶段检测,11,4
山东高考历史,5,4
工业流程题,9,4
巴蜀中学2026届高考适应性月考卷,15,4
常州市2025 2026学年第一学期高三期中质量调研,16,4
幂的运算,9,4
广东中考模考,7,4
广东佛山一模,5,4
广东实验中学,9,4
广东省一模2025 数学,6,4
广东零模,8,4
广州 0 模数学,9,4
广西中考,5,4
开学考高二下,14,4
强基计划,11,4
微积分,8,4
德阳,15,4
必刷题 2025电子版,10,4
惠州二调,8,4
成都 七中高二2027届期末考试,7,4
成都市第七中学,13,4
